"","Type","Subpopulation","Indicator","nResp","Estimate","StdError","MarginofError","LCB95Pct","UCB95Pct"
"1","SITE_BASIN","2","MMDH_BIO_ASMT_PROFILE_SCORE",184,6.37891304347826,0.0642139678477158,0.125857064285936,6.25305597919233,6.5047701077642
"2","SITE_BASIN","7","MMDH_BIO_ASMT_PROFILE_SCORE",370,5.10378378378378,0.103259527288827,0.202384954546732,4.90139882923705,5.30616873833052
"3","SITE_BASIN","11","MMDH_BIO_ASMT_PROFILE_SCORE",300,7.41986666666667,0.0484089224398432,0.0948797445124855,7.32498692215418,7.51474641117915
